LotArea,LotFrontage,BldgType,OverallQual,OverallCond,YearBuilt,HeatingQC,Label
8450,65.0,1Fam,7.0,5,2003,Ex,normal
9600,80.0,1Fam,6.0,8,1976,Ex,normal
11250,68.0,1Fam,7.0,5,2001,Ex,expensive
9550,60.0,1Fam,7.0,5,1915,Gd,normal
14260,84.0,1Fam,8.0,5,2000,Ex,expensive
14115,85.0,1Fam,5.0,5,1993,Ex,normal
10084,75.0,1Fam,8.0,5,2004,Ex,expensive
10382,,1Fam,7.0,6,1973,Ex,normal
6120,51.0,1Fam,7.0,5,1931,Gd,cheap
7420,50.0,2fmCon,5.0,6,-491,Ex,cheap
11200,70.0,1Fam,5.0,5,1965,Ex,cheap
11924,85.0,1Fam,9.0,5,2005,Ex,expensive
12968,,1Fam,5.0,6,1962,TA,normal
10652,91.0,1Fam,7.0,5,2006,Ex,expensive
10920,,1Fam,6.0,5,1960,TA,normal
6120,51.0,1Fam,7.0,8,1929,Ex,cheap
11241,,1Fam,6.0,7,1970,Ex,normal
10791,72.0,Duplex,4.0,5,1967,TA,cheap
13695,66.0,1Fam,5.0,5,2004,Ex,normal
7560,70.0,1Fam,5.0,6,1958,TA,cheap
14215,101.0,1Fam,8.0,5,2005,Ex,expensive
7449,57.0,1Fam,7.0,7,1930,Ex,cheap
9742,75.0,1Fam,8.0,5,2002,Ex,expensive
4224,44.0,TwnhsE,5.0,7,1976,TA,cheap
8246,,1Fam,5.0,8,1968,Ex,normal
14230,110.0,1Fam,8.0,5,2007,Ex,expensive
7200,60.0,1Fam,5.0,7,1951,TA,cheap
11478,98.0,1Fam,8.0,5,2007,Ex,expensive
16321,47.0,1Fam,5.0,6,1957,TA,normal
6324,60.0,,4.0,6,1927,Fa,cheap
8500,50.0,1Fam,4.0,4,1920,TA,cheap
8544,,1Fam,5.0,6,1966,Gd,normal
11049,85.0,1Fam,8.0,5,2007,Ex,normal
10552,70.0,1Fam,5.0,5,1959,Gd,normal
7313,60.0,TwnhsE,9.0,5,2005,Ex,expensive
13418,108.0,1Fam,8.0,5,-489,Ex,expensive
10859,112.0,1Fam,,5,1994,Ex,normal
8532,74.0,1Fam,5.0,6,1954,Gd,normal
7922,68.0,1Fam,5.0,7,1953,TA,cheap
6040,65.0,Duplex,4.0,5,1955,TA,cheap
8658,84.0,1Fam,6.0,5,1965,Ex,normal
16905,115.0,1Fam,5.0,6,1959,Gd,normal
9180,,1Fam,5.0,7,1983,Gd,normal
9200,,1Fam,5.0,6,1975,TA,cheap
7945,70.0,1Fam,5.0,6,1959,Ex,normal
7658,61.0,,9.0,5,2005,Ex,expensive
12822,48.0,1Fam,7.0,5,2003,Ex,expensive
11096,84.0,1Fam,8.0,5,2006,Ex,expensive
4456,33.0,2fmCon,,5,1920,Gd,cheap
7742,66.0,1Fam,5.0,7,1966,Ex,cheap
13869,,,6.0,6,1997,Gd,normal
6240,52.0,1Fam,6.0,6,1934,TA,cheap
8472,110.0,Duplex,5.0,5,1963,TA,cheap
50271,68.0,1Fam,9.0,5,1981,Gd,expensive
7134,60.0,1Fam,5.0,5,1955,TA,cheap
10175,100.0,1Fam,6.0,5,1964,Gd,normal
2645,24.0,Twnhs,8.0,5,1999,Ex,normal
11645,89.0,1Fam,7.0,5,2004,Ex,normal
13682,66.0,1Fam,10.0,5,2006,Ex,expensive
7200,60.0,,5.0,7,1972,Ex,cheap
13072,63.0,1Fam,6.0,5,2004,Ex,normal
7200,60.0,1Fam,5.0,7,1920,TA,cheap
6442,44.0,TwnhsE,8.0,5,2006,Ex,normal
10300,50.0,,7.0,6,1921,Gd,normal
9375,,1Fam,7.0,5,1997,Ex,expensive
9591,76.0,1Fam,8.0,5,2004,Ex,expensive
19900,,1Fam,7.0,5,1970,TA,normal
10665,72.0,1Fam,7.0,5,2003,Ex,expensive
4608,47.0,1Fam,4.0,6,1945,TA,cheap
15593,81.0,,7.0,4,1953,TA,expensive
13651,95.0,1Fam,7.0,6,1973,Ex,expensive
7599,69.0,1Fam,,6,1982,TA,cheap
10141,74.0,1Fam,,5,1998,Gd,normal
10200,85.0,1Fam,5.0,7,1954,Gd,normal
5790,60.0,1Fam,3.0,6,1915,Gd,cheap
1596,21.0,Twnhs,4.0,5,1973,TA,cheap
8475,,1Fam,4.0,7,1956,Ex,cheap
8635,50.0,1Fam,5.0,5,1948,TA,cheap
10778,72.0,,4.0,5,1968,TA,cheap
10440,60.0,1Fam,5.0,6,1910,Gd,cheap
13000,100.0,1Fam,6.0,6,1968,TA,normal
4500,32.0,,6.0,5,1998,Ex,normal
10206,78.0,1Fam,8.0,5,-226,Ex,expensive
8892,80.0,1Fam,5.0,5,1960,Gd,cheap
8530,,1Fam,7.0,5,1995,Gd,normal
16059,121.0,1Fam,8.0,5,1991,Ex,expensive
11911,122.0,1Fam,6.0,5,2005,Ex,normal
3951,40.0,TwnhsE,6.0,5,2009,Ex,normal
8470,105.0,1Fam,3.0,2,1915,TA,cheap
8070,60.0,,4.0,5,1994,Ex,cheap
7200,60.0,1Fam,4.0,5,1950,TA,cheap
8500,85.0,1Fam,5.0,3,1961,TA,cheap
13360,80.0,1Fam,5.0,7,1921,Ex,normal
7200,60.0,2fmCon,6.0,6,1910,Ex,cheap
9337,69.0,1Fam,6.0,5,1997,Ex,normal
9765,,1Fam,6.0,8,1993,Gd,normal
10264,78.0,,,5,1999,Ex,expensive
10921,73.0,1Fam,4.0,5,1965,TA,cheap
10625,85.0,1Fam,5.0,5,1920,Fa,cheap
9320,77.0,1Fam,4.0,5,1959,Fa,cheap
10603,,1Fam,,7,1977,Gd,normal
9206,77.0,1Fam,6.0,5,1985,TA,normal
7018,64.0,Duplex,5.0,5,1979,TA,cheap
10402,94.0,1Fam,7.0,5,2009,Ex,normal
7758,,1Fam,7.0,4,1931,Ex,normal
9375,75.0,1Fam,8.0,5,2003,Ex,expensive
10800,60.0,1Fam,4.0,7,1885,Gd,cheap
6000,50.0,1Fam,5.0,5,1948,Ex,cheap
8500,85.0,1Fam,5.0,7,1919,TA,cheap
11751,105.0,1Fam,,6,1977,Ex,normal
9525,75.0,1Fam,6.0,4,1954,Gd,cheap
7750,,1Fam,7.0,5,2000,Ex,normal
9965,77.0,1Fam,7.0,5,2007,Ex,expensive
21000,,1Fam,6.0,5,1953,TA,expensive
7259,61.0,1Fam,6.0,8,1945,Ex,expensive
3230,34.0,TwnhsE,6.0,5,1999,Gd,normal
11616,,1Fam,5.0,5,1962,TA,cheap
8536,74.0,1Fam,5.0,5,2006,Gd,normal
12376,90.0,1Fam,7.0,5,1990,Gd,expensive
8461,65.0,1Fam,6.0,5,2005,Ex,normal
21453,,1Fam,6.0,5,1969,Ex,normal
6060,50.0,1Fam,4.0,5,1939,Gd,cheap
9464,75.0,1Fam,6.0,7,1958,Gd,cheap
7892,55.0,TwnhsE,6.0,5,1993,Ex,normal
17043,48.0,1Fam,6.0,5,1979,TA,normal
6780,60.0,2fmCon,6.0,8,1935,Gd,cheap
4928,,TwnhsE,6.0,5,1976,TA,cheap
4388,55.0,1Fam,5.0,7,1930,Ex,cheap
7590,69.0,1Fam,,5,1966,TA,normal
8973,69.0,,5.0,7,1958,TA,normal
14200,88.0,1Fam,7.0,6,1966,Ex,expensive
12224,,1Fam,6.0,5,2000,Ex,expensive
7388,75.0,1Fam,5.0,6,1959,Gd,normal
6853,,1Fam,,5,2001,Ex,expensive
10335,78.0,1Fam,5.0,6,1968,Gd,normal
10400,80.0,1Fam,7.0,6,1970,Gd,normal
10355,,1Fam,5.0,5,1967,TA,normal
11070,82.0,Duplex,7.0,5,1988,Gd,normal
9066,73.0,1Fam,8.0,5,1999,Ex,expensive
15426,65.0,1Fam,,5,1997,Ex,expensive
10500,70.0,1Fam,4.0,5,1971,TA,cheap
11645,78.0,1Fam,,5,2005,Ex,expensive
8520,71.0,1Fam,,4,1952,Fa,normal
10335,78.0,1Fam,7.0,5,1999,Ex,normal
9100,70.0,Duplex,5.0,5,1963,TA,cheap
2522,24.0,Twnhs,6.0,5,2457,Ex,cheap
6120,51.0,1Fam,5.0,7,1931,TA,cheap
9505,,1Fam,7.0,5,2001,Ex,expensive
7500,63.0,1Fam,7.0,5,2004,Ex,normal
6240,,1Fam,5.0,4,1936,Gd,cheap
10356,120.0,1Fam,5.0,6,1975,TA,cheap
13891,107.0,1Fam,,5,2007,Ex,expensive
14803,,1Fam,6.0,5,1971,Gd,normal
13500,,1Fam,6.0,7,1960,Gd,expensive
11340,84.0,1Fam,6.0,5,1923,TA,cheap
9600,60.0,1Fam,6.0,5,1924,Fa,cheap
7200,60.0,1Fam,5.0,7,1950,TA,cheap
12003,92.0,1Fam,8.0,5,2009,Ex,expensive
12552,100.0,1Fam,7.0,5,2004,Ex,expensive
19378,134.0,1Fam,,5,2005,Ex,expensive
11120,,1Fam,6.0,6,1984,TA,normal
13688,110.0,1Fam,9.0,5,-244,Ex,expensive
12182,95.0,1Fam,7.0,5,2005,Ex,expensive
5500,55.0,1Fam,4.0,6,1956,Ex,cheap
5400,40.0,1Fam,6.0,7,1926,Gd,normal
10106,62.0,2fmCon,5.0,7,1940,Gd,cheap
10708,,1Fam,5.0,5,1955,Ex,normal
10562,86.0,1Fam,8.0,5,2007,Ex,expensive
8244,62.0,1Fam,7.0,5,2004,Ex,normal
16669,,1Fam,8.0,6,1981,TA,expensive
12358,,1Fam,5.0,6,1941,TA,cheap
31770,141.0,1Fam,6.0,5,1960,Fa,expensive
5306,44.0,TwnhsE,7.0,7,1987,Gd,expensive
10197,80.0,1Fam,6.0,5,1961,TA,normal
12416,47.0,1Fam,6.0,5,1986,TA,normal
12615,84.0,1Fam,6.0,7,1950,TA,expensive
10029,97.0,1Fam,6.0,5,1988,TA,normal
13650,,1Fam,5.0,5,1958,Ex,normal
17423,63.0,1Fam,9.0,5,2008,Ex,expensive
8520,60.0,1Fam,5.0,6,1923,TA,cheap
2117,,,6.0,5,2000,Ex,normal
7588,54.0,1Fam,7.0,6,1920,Gd,normal
9060,60.0,1Fam,5.0,6,1957,Ex,cheap
11426,63.0,1Fam,7.0,5,2003,Ex,normal
7438,92.0,1Fam,5.0,8,1908,Gd,cheap
22950,90.0,1Fam,10.0,9,1892,Ex,expensive
9947,,1Fam,7.0,5,1990,Ex,normal
10410,60.0,1Fam,5.0,7,1916,Ex,cheap
7018,64.0,Duplex,5.0,5,1979,TA,normal
4923,41.0,TwnhsE,8.0,5,2001,Ex,expensive
10570,70.0,1Fam,8.0,8,1932,TA,expensive
7472,,1Fam,7.0,9,1972,Gd,normal
9017,68.0,1Fam,7.0,5,1999,Ex,normal
2522,24.0,Twnhs,7.0,5,2004,Ex,cheap
7180,60.0,1Fam,5.0,7,1972,TA,cheap
2280,24.0,Twnhs,6.0,6,1976,TA,normal
9416,79.0,1Fam,7.0,5,2007,Ex,expensive
25419,174.0,1Fam,,4,1918,Gd,expensive
5520,92.0,1Fam,6.0,6,1912,Ex,cheap
9591,76.0,1Fam,8.0,5,2004,Ex,expensive
8546,80.0,1Fam,4.0,5,2003,Ex,normal
10125,75.0,1Fam,6.0,6,1977,TA,normal
7000,50.0,1Fam,6.0,6,1924,Gd,cheap
4438,,TwnhsE,6.0,5,2004,Ex,normal
3500,50.0,1Fam,5.0,7,1947,TA,cheap
11851,99.0,1Fam,7.0,5,1990,Ex,normal
13673,40.0,1Fam,5.0,5,1962,TA,normal
12493,,1Fam,4.0,5,1960,TA,normal
14364,,1Fam,7.0,5,1988,Ex,expensive
8250,75.0,1Fam,6.0,7,1964,Ex,normal
5604,67.0,1Fam,5.0,6,1925,TA,cheap
10420,83.0,1Fam,6.0,5,2009,Ex,normal
8640,72.0,1Fam,7.0,5,2009,Ex,expensive
13568,43.0,1Fam,5.0,5,1995,Ex,normal
10900,,1Fam,6.0,7,1977,Ex,normal
10011,72.0,1Fam,5.0,6,1957,TA,cheap
8450,65.0,1Fam,7.0,5,2004,Ex,normal
9906,57.0,1Fam,4.0,4,1925,Fa,cheap
15660,,1Fam,7.0,9,1939,Ex,expensive
3010,43.0,TwnhsE,,5,2005,Ex,normal
8990,73.0,1Fam,,5,2006,Ex,normal
8068,,,6.0,5,2002,Ex,normal
11475,85.0,1Fam,6.0,6,1975,TA,normal
10500,70.0,1Fam,4.0,6,1971,Gd,cheap
13472,103.0,1Fam,10.0,5,2003,Ex,expensive
1680,21.0,Twnhs,5.0,5,1971,TA,cheap
9950,82.0,1Fam,7.0,5,1995,Ex,expensive
1869,21.0,Twnhs,6.0,6,1970,TA,cheap
8521,70.0,1Fam,5.0,5,1967,TA,cheap
3182,43.0,TwnhsE,7.0,5,2005,Ex,normal
8760,73.0,1Fam,6.0,6,1959,TA,normal
15138,174.0,1Fam,8.0,5,1995,Ex,expensive
1680,21.0,Twnhs,6.0,5,1972,TA,cheap
10650,75.0,1Fam,5.0,6,1976,TA,cheap
7851,,1Fam,6.0,5,2002,Ex,expensive
1680,21.0,TwnhsE,6.0,3,1971,TA,cheap
8773,65.0,1Fam,7.0,5,2004,Ex,normal
9453,,1Fam,7.0,7,1993,Ex,normal
12030,93.0,1Fam,8.0,5,2007,Ex,expensive
8741,52.0,1Fam,6.0,4,1945,TA,cheap
9000,75.0,1Fam,8.0,5,2008,Ex,expensive
3880,40.0,1Fam,5.0,9,1945,Gd,cheap
5000,63.0,1Fam,5.0,4,1900,Gd,cheap
10762,75.0,TwnhsE,,6,1980,TA,cheap
8880,,1Fam,7.0,5,1994,Ex,normal
10400,80.0,1Fam,7.0,5,1988,Gd,expensive
9142,69.0,2fmCon,6.0,8,1910,Gd,cheap
11310,75.0,1Fam,6.0,5,1954,Ex,normal
11317,72.0,1Fam,7.0,5,2003,Ex,normal
159000,,,6.0,7,1958,Gd,expensive
5350,55.0,1Fam,3.0,2,1940,Ex,cheap
4750,44.0,TwnhsE,8.0,5,2006,Ex,expensive
8366,65.0,1Fam,6.0,5,2004,Ex,normal
9350,85.0,1Fam,6.0,7,1964,Ex,normal
8400,70.0,1Fam,5.0,6,1957,TA,normal
8738,66.0,1Fam,7.0,5,1999,Ex,expensive
8791,64.0,,6.0,5,2003,Ex,normal
8814,68.0,1Fam,7.0,5,2006,Ex,expensive
12435,80.0,1Fam,7.0,5,2001,Ex,expensive
12702,70.0,1Fam,5.0,5,1956,Gd,cheap
19296,120.0,1Fam,6.0,5,1962,TA,normal
9588,69.0,1Fam,8.0,5,2007,Ex,expensive
8471,88.0,1Fam,6.0,7,1977,TA,normal
5500,50.0,1Fam,5.0,7,1929,TA,cheap
5232,30.0,1Fam,5.0,5,1925,Gd,cheap
12090,78.0,1Fam,6.0,6,1981,TA,normal
11207,70.0,1Fam,6.0,5,1997,Gd,normal
8400,60.0,1Fam,5.0,8,1939,Ex,normal
6900,71.0,1Fam,5.0,6,1940,Ex,cheap
7917,,1Fam,6.0,7,1976,TA,normal
10728,84.0,1Fam,8.0,5,2006,Gd,expensive
39104,73.0,,7.0,7,1954,Ex,expensive
11764,92.0,1Fam,8.0,7,1999,Ex,expensive
9600,80.0,1Fam,6.0,6,1958,Gd,cheap
8314,76.0,1Fam,5.0,7,1982,TA,cheap
7264,55.0,1Fam,7.0,7,1925,Gd,normal
9196,129.0,1Fam,7.0,5,2003,Ex,normal
19138,140.0,1Fam,4.0,5,1951,Ex,normal
14450,107.0,1Fam,9.0,5,2006,Ex,expensive
10005,83.0,1Fam,7.0,5,1977,Ex,normal
11287,82.0,1Fam,,6,1989,Gd,expensive
7200,60.0,1Fam,6.0,5,2006,Gd,normal
5063,34.0,Twnhs,7.0,5,2007,Ex,normal
9612,74.0,1Fam,8.0,5,2008,Ex,expensive
8012,50.0,TwnhsE,,5,1992,Gd,normal
4251,35.0,TwnhsE,7.0,5,2006,Ex,normal
9786,77.0,1Fam,6.0,7,1962,TA,normal
8125,,1Fam,4.0,4,1971,TA,cheap
9819,,1Fam,5.0,5,1967,TA,cheap
8730,60.0,1Fam,6.0,7,1915,Ex,normal
15611,120.0,1Fam,8.0,5,2006,Ex,expensive
5687,55.0,2fmCon,5.0,6,1912,Ex,cheap
11409,60.0,1Fam,5.0,4,1949,Gd,cheap
16659,,1Fam,7.0,7,1977,Fa,expensive
9600,80.0,1Fam,6.0,5,1953,TA,normal
7937,37.0,1Fam,6.0,6,1984,TA,normal
13710,75.0,1Fam,5.0,5,1950,TA,normal
7399,66.0,1Fam,7.0,5,1997,Ex,expensive
11700,90.0,1Fam,,6,1968,Gd,normal
14000,80.0,1Fam,6.0,8,1950,Ex,normal
15750,90.0,2fmCon,5.0,5,1953,TA,normal
16226,66.0,1Fam,8.0,5,1998,Ex,expensive
13704,118.0,1Fam,7.0,5,2001,Ex,normal
9800,70.0,1Fam,5.0,7,1972,TA,normal
18386,87.0,1Fam,7.0,9,1880,Ex,expensive
10386,80.0,1Fam,8.0,5,2004,Ex,expensive
13474,116.0,1Fam,7.0,5,1990,Gd,expensive
7920,,1Fam,6.0,7,1920,TA,cheap
12342,,,4.0,5,1940,Ex,cheap
12378,90.0,1Fam,9.0,5,2003,Ex,expensive
7685,,1Fam,6.0,5,1993,Gd,normal
8000,50.0,1Fam,,6,-385,Ex,cheap
7800,65.0,2fmCon,5.0,7,1939,TA,cheap
215245,150.0,1Fam,7.0,5,1965,TA,expensive
9600,60.0,1Fam,7.0,7,1925,Ex,normal
7795,71.0,1Fam,7.0,5,2004,Ex,normal
13005,94.0,1Fam,7.0,7,1980,TA,expensive
9000,75.0,1Fam,8.0,5,2006,Ex,expensive
9900,90.0,1Fam,7.0,5,1993,Ex,expensive
14115,,1Fam,7.0,5,1980,TA,normal
16259,111.0,1Fam,9.0,5,2006,Ex,expensive
12099,99.0,1Fam,8.0,5,2004,Ex,expensive
10380,86.0,1Fam,7.0,5,1986,Ex,expensive
5820,49.0,1Fam,3.0,8,1955,Ex,cheap
11275,96.0,1Fam,7.0,7,1967,Ex,expensive
5000,50.0,1Fam,5.0,6,1941,Po,cheap
10846,32.0,TwnhsE,8.0,5,1993,Ex,expensive
11600,80.0,1Fam,6.0,5,-472,TA,normal
11888,,1Fam,,6,1916,Gd,expensive
6402,60.0,1Fam,5.0,5,1920,TA,cheap
10624,,Duplex,5.0,4,1964,TA,cheap
8176,70.0,1Fam,5.0,6,1958,Fa,cheap
10655,85.0,1Fam,8.0,5,2003,Ex,expensive
8198,59.0,TwnhsE,7.0,5,2004,Ex,normal
9042,59.0,1Fam,6.0,5,1998,Gd,normal
164660,,2fmCon,5.0,6,1965,Ex,expensive
14157,86.0,1Fam,9.0,5,-464,Ex,expensive
9135,70.0,1Fam,7.0,5,2002,Ex,expensive
14145,91.0,1Fam,7.0,7,1984,Ex,normal
12400,66.0,1Fam,6.0,7,1958,TA,normal
14191,85.0,1Fam,8.0,5,2002,Ex,normal
8400,60.0,1Fam,4.0,4,1950,Gd,cheap
8544,,Duplex,3.0,4,1949,Fa,cheap
8849,63.0,TwnhsE,9.0,5,2005,Ex,expensive
2592,36.0,TwnhsE,5.0,3,1976,TA,cheap
6435,65.0,1Fam,6.0,5,1939,Gd,normal
12772,,1Fam,6.0,8,1960,TA,normal
17600,,1Fam,6.0,5,1960,Ex,normal
2448,36.0,Twnhs,7.0,5,2003,Ex,normal
20431,56.0,1Fam,9.0,5,2005,Ex,expensive
7820,68.0,TwnhsE,9.0,5,2007,Ex,expensive
5271,,,7.0,5,1986,Gd,normal
9084,60.0,1Fam,5.0,6,1941,TA,cheap
8520,60.0,1Fam,6.0,8,1928,Gd,cheap
8400,60.0,1Fam,6.0,5,1940,Ex,normal
11249,105.0,1Fam,,5,1995,Ex,normal
9248,,1Fam,6.0,6,1992,Gd,normal
4224,44.0,TwnhsE,5.0,5,1976,TA,cheap
6930,92.0,1Fam,5.0,4,1958,Ex,cheap
12011,78.0,1Fam,8.0,5,1998,Ex,expensive
7540,,1Fam,6.0,6,1978,Ex,normal
9144,,1Fam,5.0,5,1940,Gd,normal
7301,64.0,1Fam,7.0,5,2003,Ex,normal
1680,21.0,Twnhs,6.0,8,1972,Gd,cheap
18800,,1Fam,6.0,5,1976,TA,normal
10690,59.0,,5.0,7,1920,Gd,normal
9500,,1Fam,6.0,5,1963,Gd,normal
9150,101.0,1Fam,6.0,5,1962,Gd,normal
7800,78.0,1Fam,5.0,6,1954,Gd,cheap
9830,,1Fam,5.0,7,1959,Ex,normal
8121,,1Fam,6.0,5,2000,Ex,normal
17120,80.0,1Fam,,4,1959,TA,cheap
7175,50.0,TwnhsE,6.0,5,1984,TA,cheap
10634,79.0,1Fam,5.0,6,1953,TA,cheap
8200,65.0,1Fam,7.0,5,2003,Ex,expensive
10020,,1Fam,1.0,1,1922,Gd,cheap
8846,57.0,1Fam,5.0,5,1996,Ex,normal
11143,102.0,1Fam,8.0,5,2004,Ex,expensive
11394,88.0,1Fam,9.0,2,2010,Ex,expensive
8123,60.0,1Fam,6.0,5,2000,Ex,normal
5000,50.0,1Fam,5.0,6,1924,TA,cheap
7200,60.0,,7.0,5,2006,Ex,normal
9245,79.0,1Fam,,5,2006,Ex,expensive
9000,60.0,1Fam,6.0,3,1928,TA,cheap
53107,,1Fam,6.0,5,1992,Ex,expensive
3182,43.0,TwnhsE,8.0,5,2004,Ex,normal
8410,58.0,1Fam,5.0,3,1910,TA,cheap
7200,72.0,1Fam,6.0,6,1976,Ex,cheap
9382,93.0,1Fam,7.0,5,1999,Ex,normal
12474,96.0,1Fam,10.0,5,2007,Ex,expensive
8405,50.0,1Fam,5.0,8,1900,Ex,cheap
12209,71.0,1Fam,6.0,5,2001,Ex,expensive
8339,,1Fam,5.0,7,1959,TA,cheap
7446,,1Fam,4.0,5,1941,TA,cheap
10134,60.0,1Fam,5.0,6,1940,Gd,cheap
9571,68.0,1Fam,5.0,6,1956,TA,cheap
7200,60.0,1Fam,5.0,5,1972,TA,cheap
7590,69.0,1Fam,5.0,5,1962,TA,normal
8967,60.0,1Fam,5.0,2,1920,Gd,cheap
8125,65.0,1Fam,7.0,5,2006,Ex,expensive
14963,38.0,TwnhsE,8.0,5,1996,Ex,expensive
8767,65.0,1Fam,7.0,5,2005,Ex,normal
10200,60.0,,5.0,8,1940,Ex,cheap
12090,93.0,1Fam,8.0,5,1998,Gd,expensive
10364,,1Fam,,5,1995,Gd,normal
9991,,1Fam,4.0,4,1976,Ex,normal
10480,51.0,1Fam,6.0,5,1936,Ex,cheap
15576,63.0,1Fam,6.0,7,1915,Ex,normal
14154,109.0,1Fam,7.0,5,2006,Ex,expensive
10800,85.0,1Fam,8.0,5,2100,Ex,expensive
9571,68.0,1Fam,5.0,3,1958,TA,cheap
34650,100.0,2fmCon,5.0,5,1955,TA,normal
4403,,1Fam,7.0,5,2009,Ex,expensive
8960,56.0,1Fam,5.0,6,1927,Gd,cheap
11228,59.0,1Fam,,5,1993,Ex,expensive
8899,73.0,1Fam,7.0,5,2007,Ex,normal
7844,74.0,1Fam,6.0,7,1978,TA,normal
22420,86.0,1Fam,6.0,6,1918,TA,expensive
8160,60.0,1Fam,5.0,6,1940,Fa,cheap
8450,65.0,1Fam,5.0,6,1968,Ex,normal
7060,78.0,Duplex,7.0,5,1997,Ex,normal
16635,,1Fam,6.0,7,1977,Gd,expensive
21750,100.0,1Fam,5.0,5,1954,Ex,cheap
9200,80.0,1Fam,8.0,5,1998,Gd,expensive
9000,72.0,1Fam,6.0,5,1956,Gd,cheap
3378,60.0,1Fam,,8,1946,Gd,cheap
12800,,1Fam,7.0,5,1989,Gd,expensive
8593,77.0,1Fam,4.0,6,1957,Ex,cheap
6762,64.0,1Fam,7.0,5,2007,Ex,normal
11457,130.0,1Fam,6.0,5,1988,TA,normal
1680,21.0,Twnhs,6.0,5,1971,TA,cheap
5586,60.0,1Fam,6.0,7,1920,Gd,cheap
1920,24.0,TwnhsE,5.0,5,1971,Ex,cheap
10839,100.0,1Fam,6.0,5,1997,Ex,normal
1890,21.0,Twnhs,4.0,7,1972,Gd,cheap
10667,43.0,,,6,1996,Ex,expensive
4400,40.0,1Fam,6.0,8,1920,TA,cheap
6000,50.0,1Fam,6.0,7,1926,Gd,cheap
4280,40.0,1Fam,5.0,6,1913,TA,cheap
12354,67.0,1Fam,6.0,8,1920,Gd,cheap
15431,105.0,1Fam,10.0,5,2008,Ex,expensive
12108,92.0,Duplex,4.0,4,1955,TA,cheap
6240,52.0,1Fam,5.0,7,1930,TA,normal
3922,53.0,,7.0,5,2006,Ex,normal
8750,70.0,1Fam,7.0,5,1994,Ex,normal
9855,73.0,1Fam,6.0,5,-485,Fa,cheap
16492,137.0,1Fam,6.0,6,1966,Ex,normal
11214,,1Fam,,5,1998,Gd,normal
8600,50.0,1Fam,6.0,6,1937,TA,cheap
6000,50.0,1Fam,3.0,7,1948,Ex,cheap
5684,70.0,1Fam,6.0,8,1930,Ex,cheap
70761,62.0,1Fam,7.0,5,1975,TA,expensive
9303,,1Fam,6.0,5,1996,Ex,normal
9000,75.0,1Fam,8.0,5,2008,Ex,normal
9297,63.0,Duplex,5.0,5,1976,TA,normal
9600,80.0,1Fam,7.0,6,1973,Fa,normal
4571,34.0,1Fam,5.0,5,1916,Fa,cheap
53227,,1Fam,4.0,6,1954,Ex,expensive
5100,,1Fam,8.0,7,1925,Fa,normal
7015,,1Fam,5.0,4,1950,TA,cheap
8004,75.0,1Fam,8.0,5,2009,Ex,expensive
7200,60.0,1Fam,7.0,9,1936,Ex,normal
8281,60.0,1Fam,5.0,5,1965,Gd,cheap
11988,74.0,1Fam,6.0,7,1934,Fa,normal
8430,60.0,1Fam,5.0,5,1978,TA,cheap
3072,,TwnhsE,7.0,5,2004,Ex,normal
10628,85.0,1Fam,7.0,5,1970,TA,normal
9480,79.0,1Fam,,7,1942,Ex,normal
11428,98.0,1Fam,8.0,5,2006,Ex,expensive
9291,76.0,1Fam,6.0,5,1993,Ex,normal
6820,,TwnhsE,8.0,5,1985,TA,expensive
11952,92.0,1Fam,7.0,6,1977,TA,normal
3675,35.0,TwnhsE,6.0,5,2005,Ex,normal
14977,110.0,1Fam,8.0,5,2006,Ex,expensive
5330,41.0,TwnhsE,8.0,5,2000,Ex,expensive
8480,80.0,1Fam,5.0,6,1963,TA,cheap
13125,75.0,1Fam,6.0,5,1997,Ex,normal
13693,105.0,1Fam,9.0,5,2006,Ex,expensive
10637,79.0,1Fam,8.0,5,2007,Ex,expensive
5925,50.0,1Fam,4.0,7,1937,TA,cheap
16033,98.0,1Fam,9.0,5,2004,Ex,expensive
11846,72.0,1Fam,9.0,5,2003,Ex,expensive
2500,50.0,1Fam,7.0,8,1915,Ex,normal
4500,32.0,Twnhs,6.0,5,1998,Ex,normal
7758,,1Fam,5.0,7,1962,Gd,cheap
9600,80.0,1Fam,5.0,7,1950,Gd,normal
10289,79.0,1Fam,5.0,7,1965,TA,normal
12243,70.0,1Fam,5.0,6,1971,Gd,normal
10800,60.0,2fmCon,5.0,4,1900,TA,normal
1526,21.0,Twnhs,,8,1970,TA,cheap
2665,,TwnhsE,5.0,6,1976,TA,cheap
9490,79.0,1Fam,6.0,7,1941,TA,cheap
15578,105.0,1Fam,6.0,5,2006,Gd,normal
7931,70.0,1Fam,5.0,6,1960,TA,normal
5784,50.0,1Fam,5.0,8,1938,Gd,cheap
7879,60.0,1Fam,4.0,5,1920,TA,cheap
12692,,1Fam,8.0,5,1992,Ex,expensive
9120,60.0,1Fam,7.0,6,1925,Ex,normal
7800,65.0,1Fam,5.0,7,1967,Ex,cheap
7535,70.0,1Fam,5.0,7,1958,Fa,cheap
1890,21.0,Twnhs,6.0,5,1973,TA,cheap
9803,75.0,1Fam,7.0,5,2005,Gd,expensive
9170,70.0,1Fam,5.0,7,1965,Ex,normal
15602,100.0,1Fam,7.0,8,1959,TA,expensive
2308,24.0,TwnhsE,6.0,5,1974,TA,normal
7596,60.0,Duplex,5.0,5,1952,Gd,cheap
9554,80.0,1Fam,8.0,5,1993,Ex,expensive
7862,75.0,1Fam,6.0,5,2009,Ex,normal
9600,60.0,1Fam,,9,1928,Ex,normal
9600,80.0,1Fam,5.0,6,1959,Ex,cheap
14559,75.0,1Fam,5.0,7,1951,Ex,normal
6792,40.0,TwnhsE,7.0,5,2005,Ex,normal
9100,70.0,1Fam,5.0,5,1958,TA,cheap
9187,71.0,1Fam,6.0,5,1983,TA,cheap
10594,55.0,1Fam,5.0,5,1926,Fa,cheap
12220,94.0,1Fam,10.0,5,2009,Ex,expensive
10448,,1Fam,,6,1972,TA,normal
10208,79.0,1Fam,7.0,5,1996,Ex,expensive
9531,,1Fam,6.0,5,1998,Ex,normal
10918,53.0,1Fam,7.0,9,1926,Ex,expensive
10800,60.0,2fmCon,4.0,7,1900,TA,cheap
11988,90.0,1Fam,6.0,6,1957,Ex,normal
5000,50.0,,6.0,7,1947,Ex,normal
40094,130.0,1Fam,10.0,5,2007,Ex,normal
11787,95.0,,7.0,5,1996,Ex,expensive
7500,62.0,1Fam,7.0,5,2005,Ex,normal
13300,70.0,1Fam,5.0,7,1956,TA,cheap
14948,67.0,1Fam,9.0,5,2008,Ex,expensive
9098,58.0,1Fam,4.0,7,1920,Ex,cheap
32668,,1Fam,6.0,3,1957,TA,normal
10200,85.0,1Fam,6.0,5,2147,Ex,normal
6155,60.0,1Fam,6.0,8,1920,Ex,cheap
7200,60.0,1Fam,5.0,7,1955,Ex,cheap
5000,50.0,1Fam,1.0,3,1946,Fa,cheap
9056,74.0,1Fam,8.0,5,2004,Ex,normal
7000,70.0,2fmCon,5.0,7,1910,TA,cheap
8924,57.0,1Fam,7.0,5,1998,Ex,normal
12735,,1Fam,4.0,5,1972,TA,cheap
11553,,1Fam,5.0,5,1968,TA,normal
11423,,1Fam,8.0,5,2001,Ex,expensive
14601,85.0,1Fam,9.0,5,2006,Ex,expensive
11000,,1Fam,8.0,5,2000,Ex,expensive
10140,78.0,1Fam,7.0,5,1998,Ex,expensive
4058,34.0,TwnhsE,7.0,5,1998,Ex,cheap
17104,58.0,1Fam,7.0,5,2006,Ex,normal
13837,,1Fam,7.0,5,1988,Gd,expensive
8737,70.0,1Fam,6.0,7,1923,Ex,normal
7244,54.0,1Fam,5.0,7,1970,Ex,cheap
8235,49.0,1Fam,5.0,7,1955,TA,cheap
9375,75.0,1Fam,7.0,5,2003,Ex,expensive
4043,53.0,TwnhsE,6.0,6,1977,TA,normal
6000,50.0,1Fam,5.0,6,1957,Gd,cheap
11146,87.0,1Fam,8.0,5,2006,Ex,expensive
8777,67.0,1Fam,4.0,5,1949,Ex,cheap
10625,85.0,1Fam,7.0,5,2003,Ex,expensive
6380,58.0,1Fam,5.0,6,1922,TA,cheap
14850,69.0,1Fam,5.0,5,1957,TA,normal
11040,60.0,1Fam,4.0,6,1920,Gd,cheap
21872,57.0,1Fam,,5,1996,Ex,normal
3196,,,,5,2003,Ex,expensive
11341,,1Fam,5.0,6,1957,TA,cheap
10010,77.0,1Fam,5.0,5,1974,Gd,normal
13907,63.0,1Fam,5.0,6,1940,Ex,cheap
21780,66.0,1Fam,6.0,7,1918,Ex,normal
13346,,1Fam,7.0,5,1992,Ex,expensive
6858,66.0,1Fam,6.0,4,1915,TA,cheap
11198,77.0,1Fam,,5,2005,Ex,expensive
10171,70.0,1Fam,7.0,5,2004,Ex,expensive
12327,79.0,1Fam,8.0,8,1983,Ex,expensive
7032,,Duplex,5.0,5,1979,TA,cheap
13101,74.0,Duplex,5.0,5,1965,TA,normal
7332,60.0,1Fam,6.0,6,1959,Ex,cheap
13159,83.0,1Fam,7.0,5,2009,Gd,expensive
9967,76.0,1Fam,7.0,5,2000,Ex,normal
10500,70.0,1Fam,5.0,7,1971,TA,cheap
8480,80.0,1Fam,,5,1947,TA,cheap
6292,52.0,1Fam,7.0,7,1928,Gd,normal
11777,96.0,1Fam,5.0,6,1966,Ex,normal
3604,34.0,TwnhsE,7.0,5,2007,Ex,normal
12150,81.0,1Fam,5.0,5,1954,Ex,cheap
14585,,,6.0,6,1960,Ex,normal
12704,98.0,1Fam,8.0,5,2008,Ex,expensive
11841,81.0,Duplex,6.0,5,1990,TA,cheap
13500,75.0,1Fam,10.0,9,1893,Gd,expensive
6120,51.0,1Fam,,7,1935,Ex,cheap
11443,88.0,1Fam,8.0,5,2005,Ex,expensive
10267,55.0,1Fam,6.0,7,1918,Ex,cheap
8740,74.0,1Fam,5.0,6,1982,TA,cheap
25095,65.0,1Fam,5.0,8,1968,Ex,normal
9100,50.0,1Fam,,6,1930,TA,cheap
8320,64.0,1Fam,7.0,5,2004,Ex,normal
13478,97.0,1Fam,,5,2008,Ex,expensive
6600,60.0,1Fam,5.0,8,1982,Ex,cheap
4435,,TwnhsE,6.0,5,2003,Ex,normal
7990,88.0,1Fam,5.0,6,1975,TA,cheap
11302,69.0,1Fam,8.0,5,2005,Ex,expensive
3600,60.0,1Fam,6.0,7,1910,Ex,cheap
3922,53.0,,7.0,5,2006,Ex,normal
12984,80.0,1Fam,5.0,6,1977,Ex,expensive
1950,24.0,Twnhs,6.0,6,1980,TA,normal
10927,74.0,1Fam,8.0,5,2005,Ex,expensive
9000,50.0,1Fam,6.0,6,1937,TA,normal
10041,80.0,1Fam,8.0,5,1992,Ex,expensive
3182,30.0,TwnhsE,,5,2004,Ex,normal
12803,88.0,1Fam,7.0,5,2002,Ex,expensive
13600,85.0,1Fam,7.0,6,2432,TA,normal
12464,82.0,1Fam,5.0,5,1996,Gd,normal
7800,78.0,1Fam,,8,1948,Ex,expensive
12168,78.0,1Fam,,6,1934,TA,expensive
7943,61.0,1Fam,4.0,5,1961,Gd,cheap
11050,,1Fam,9.0,5,2000,Ex,expensive
10395,,1Fam,6.0,6,1978,TA,normal
11885,,1Fam,8.0,5,2001,Ex,expensive
8402,70.0,1Fam,,5,2007,Ex,normal
1491,21.0,TwnhsE,4.0,6,1972,Ex,cheap
8800,80.0,1Fam,6.0,7,1963,Ex,cheap
7861,,1Fam,6.0,5,2002,Ex,normal
7227,59.0,1Fam,6.0,6,1954,Gd,cheap
11694,90.0,1Fam,9.0,5,2007,Ex,expensive
12244,85.0,1Fam,8.0,5,2003,Ex,expensive
8248,45.0,1Fam,3.0,3,1914,TA,cheap
10800,90.0,1Fam,6.0,7,1974,TA,expensive
7064,71.0,1Fam,5.0,6,1977,TA,cheap
2117,,TwnhsE,6.0,5,2000,Ex,normal
10400,80.0,1Fam,6.0,5,1972,Gd,normal
10000,87.0,1Fam,6.0,6,1962,TA,normal
12342,,1Fam,5.0,5,1960,TA,cheap
9600,80.0,1Fam,6.0,6,1955,Ex,normal
11606,70.0,1Fam,5.0,5,1969,TA,cheap
9020,82.0,1Fam,6.0,5,1964,TA,normal
9000,50.0,1Fam,5.0,6,1880,TA,cheap
4590,34.0,Twnhs,,5,2006,Ex,normal
11900,85.0,1Fam,7.0,5,1977,TA,cheap
9250,80.0,1Fam,,7,1954,TA,cheap
6979,64.0,Duplex,6.0,5,1980,Gd,normal
10896,60.0,2fmCon,6.0,7,1914,Ex,normal
6120,51.0,1Fam,2.0,3,1936,Fa,cheap
6000,50.0,2fmCon,5.0,4,1954,TA,cheap
8777,67.0,1Fam,5.0,7,1910,Gd,cheap
3982,53.0,TwnhsE,8.0,5,2006,Ex,expensive
12677,62.0,TwnhsE,8.0,5,2003,Ex,expensive
7050,,1Fam,7.0,5,2001,Ex,expensive
13860,75.0,1Fam,,7,1972,Gd,expensive
10793,80.0,1Fam,5.0,5,1969,Ex,normal
9187,85.0,1Fam,9.0,5,2009,Ex,expensive
10530,,1Fam,6.0,5,1971,TA,normal
7200,60.0,1Fam,5.0,5,1950,Gd,cheap
10452,85.0,1Fam,6.0,5,1953,Ex,normal
7700,70.0,1Fam,6.0,5,1966,TA,normal
1936,21.0,Twnhs,4.0,6,1970,Gd,cheap
8125,65.0,1Fam,7.0,6,2007,Ex,normal
9084,60.0,1Fam,4.0,5,1940,TA,cheap
8750,70.0,1Fam,7.0,5,1996,Ex,normal
10320,60.0,1Fam,,7,1906,Ex,cheap
10437,91.0,1Fam,8.0,6,1995,Ex,expensive
1680,21.0,Twnhs,6.0,5,1971,TA,cheap
10007,72.0,1Fam,5.0,7,1959,Ex,normal
7200,60.0,1Fam,7.0,6,1931,TA,normal
17503,78.0,1Fam,6.0,5,1948,TA,cheap
9937,75.0,,5.0,7,1964,Ex,normal
12384,,1Fam,7.0,7,1976,TA,normal
46589,52.0,1Fam,8.0,7,1994,Ex,expensive
13560,120.0,1Fam,6.0,3,1968,Gd,cheap
10012,90.0,1Fam,4.0,5,1972,TA,cheap
20896,49.0,1Fam,8.0,5,2005,Ex,expensive
11194,106.0,1Fam,8.0,5,2000,Ex,expensive
18450,,1Fam,6.0,5,1965,TA,cheap
8125,65.0,1Fam,6.0,5,1994,Ex,normal
14175,,1Fam,5.0,6,1956,Gd,normal
11600,80.0,1Fam,4.0,5,1922,Ex,cheap
8633,64.0,1Fam,6.0,5,2005,Ex,normal
6629,54.0,1Fam,6.0,6,1925,TA,cheap
11250,,1Fam,6.0,6,1977,TA,normal
14442,110.0,1Fam,6.0,7,1957,Ex,expensive
9200,80.0,1Fam,6.0,6,1965,TA,normal
2289,24.0,Twnhs,,6,1978,TA,normal
9600,60.0,1Fam,4.0,2,1900,Fa,cheap
9022,52.0,1Fam,5.0,8,1924,Ex,cheap
11844,80.0,1Fam,8.0,5,2008,Ex,expensive
9945,,1Fam,5.0,5,1961,TA,cheap
8012,50.0,TwnhsE,6.0,5,-402,TA,normal
4500,55.0,1Fam,5.0,5,1932,Ex,normal
2887,,1Fam,6.0,5,1996,Ex,normal
11248,90.0,1Fam,9.0,5,2002,Ex,expensive
16770,58.0,1Fam,7.0,5,1998,Gd,expensive
5062,,TwnhsE,7.0,5,1984,Gd,normal
10207,84.0,1Fam,7.0,6,2007,Ex,expensive
5105,,,7.0,5,2004,Ex,normal
8089,60.0,1Fam,8.0,6,2007,Ex,expensive
7577,61.0,TwnhsE,6.0,5,2005,Ex,normal
4426,,TwnhsE,6.0,5,2004,Ex,normal
21535,104.0,1Fam,10.0,6,1994,Ex,expensive
26178,42.0,1Fam,7.0,5,1989,Ex,expensive
5400,60.0,1Fam,5.0,6,1921,Ex,cheap
6120,51.0,1Fam,5.0,6,1936,TA,normal
13811,54.0,,,6,1987,Gd,normal
6000,50.0,,5.0,7,1921,Gd,cheap
6420,57.0,1Fam,5.0,7,1952,Fa,cheap
8450,65.0,1Fam,,8,1965,Ex,cheap
4282,59.0,TwnhsE,7.0,5,2004,Ex,normal
14331,85.0,1Fam,8.0,5,2002,Ex,expensive
9600,80.0,1Fam,7.0,5,1969,TA,normal
12438,82.0,1Fam,8.0,5,2006,Ex,expensive
7630,76.0,2fmCon,5.0,9,1900,Gd,normal
8400,70.0,1Fam,7.0,5,2004,Ex,expensive
5600,70.0,2fmCon,4.0,5,1930,Fa,cheap
115149,,1Fam,7.0,5,1971,TA,expensive
6240,48.0,TwnhsE,8.0,5,2006,Ex,expensive
9018,65.0,1Fam,7.0,5,2007,Ex,normal
7162,,1Fam,5.0,7,1966,TA,cheap
4130,56.0,,3.0,6,1935,Gd,cheap
8712,66.0,1Fam,4.0,7,1900,Gd,cheap
4671,40.0,TwnhsE,8.0,5,1988,Gd,normal
9873,60.0,2fmCon,4.0,5,1970,TA,cheap
13517,,1Fam,6.0,8,1976,Ex,cheap
10140,78.0,1Fam,,5,1974,TA,normal
10800,60.0,1Fam,7.0,8,1890,Ex,normal
10000,80.0,1Fam,,6,1973,Gd,normal
10542,96.0,1Fam,7.0,5,1993,Ex,expensive
9920,69.0,1Fam,5.0,6,1969,TA,cheap
6563,,1Fam,8.0,5,1985,TA,expensive
4426,,TwnhsE,6.0,5,2004,Ex,normal
8120,70.0,1Fam,4.0,7,1970,Ex,cheap
8172,60.0,1Fam,4.0,6,-378,Ex,cheap
13286,86.0,1Fam,9.0,5,2007,Ex,expensive
6960,60.0,1Fam,4.0,6,1970,TA,cheap
21695,,1Fam,,9,1988,Ex,expensive
7314,64.0,1Fam,7.0,5,2007,Ex,normal
11475,85.0,Duplex,5.0,5,1958,TA,cheap
6240,52.0,1Fam,,5,1925,TA,cheap
5389,39.0,TwnhsE,8.0,5,1995,Ex,expensive
9590,73.0,1Fam,7.0,5,2003,Ex,normal
11404,75.0,1Fam,7.0,5,1998,Ex,expensive
10000,80.0,1Fam,5.0,6,1961,Ex,cheap
8978,,1Fam,5.0,5,1968,TA,cheap
10800,60.0,1Fam,7.0,7,1914,Fa,normal
8544,60.0,Duplex,3.0,4,1950,Gd,cheap
10463,72.0,1Fam,8.0,5,2005,Ex,expensive
10800,60.0,Duplex,5.0,5,1987,TA,normal
9313,65.0,1Fam,7.0,5,2004,Ex,normal
9600,60.0,1Fam,5.0,7,1910,Ex,cheap
6768,65.0,1Fam,6.0,8,1961,Gd,normal
8450,65.0,1Fam,7.0,5,2000,Ex,normal
12886,70.0,1Fam,5.0,6,1963,Ex,normal
5395,41.0,TwnhsE,8.0,5,1993,Gd,normal
8963,,1Fam,8.0,9,1976,Ex,expensive
8795,,1Fam,7.0,5,2000,Ex,expensive
11700,65.0,,7.0,7,1880,TA,expensive
10593,59.0,,7.0,5,1996,Ex,expensive
8405,50.0,1Fam,4.0,3,1945,TA,cheap
8800,55.0,1Fam,4.0,7,1910,Gd,cheap
7750,,1Fam,7.0,5,2003,Ex,normal
9236,79.0,1Fam,6.0,5,1997,Ex,expensive
10240,80.0,1Fam,8.0,5,2005,Gd,expensive
7930,61.0,1Fam,6.0,8,1969,Gd,normal
3230,34.0,TwnhsE,6.0,5,1999,Gd,normal
10769,68.0,1Fam,8.0,5,2007,Ex,expensive
11616,,,6.0,5,1978,TA,normal
2280,24.0,,7.0,5,1999,Gd,normal
12257,65.0,1Fam,8.0,5,1995,Ex,expensive
9100,70.0,1Fam,6.0,6,1959,Ex,cheap
6911,60.0,1Fam,5.0,5,1924,TA,cheap
8640,72.0,1Fam,7.0,5,2009,Ex,expensive
9430,82.0,1Fam,8.0,5,1999,Ex,expensive
9549,30.0,TwnhsE,8.0,5,1995,Ex,expensive
14587,75.0,1Fam,9.0,5,2008,Ex,expensive
10421,80.0,1Fam,7.0,5,1988,TA,normal
12508,75.0,1Fam,6.0,7,1940,Ex,normal
9100,70.0,1Fam,7.0,5,2004,Ex,expensive
53504,47.0,1Fam,8.0,5,2003,Ex,expensive
7252,,1Fam,5.0,5,1982,TA,cheap
8877,67.0,1Fam,4.0,5,1951,TA,cheap
7819,94.0,1Fam,6.0,5,1976,TA,cheap
10150,70.0,1Fam,5.0,5,1958,Ex,cheap
14226,110.0,1Fam,8.0,5,2006,Gd,expensive
4500,32.0,,6.0,5,1998,Ex,normal
11210,86.0,1Fam,7.0,5,2005,Ex,expensive
13350,100.0,1Fam,5.0,5,1974,TA,normal
8400,60.0,Duplex,5.0,5,1977,TA,normal
10530,78.0,,6.0,5,1977,TA,cheap
7875,63.0,1Fam,7.0,5,1995,Gd,normal
7153,65.0,1Fam,6.0,5,1992,Ex,normal
16285,67.0,1Fam,7.0,5,2001,Ex,normal
9101,,1Fam,5.0,6,1978,Ex,normal
6300,35.0,1Fam,6.0,6,1914,Ex,cheap
9790,,1Fam,6.0,5,1967,TA,normal
10800,60.0,1Fam,5.0,6,1915,TA,cheap
10142,76.0,1Fam,7.0,5,2004,Ex,expensive
6000,50.0,1Fam,4.0,7,1954,Ex,cheap
12205,,,6.0,8,1966,Gd,normal
3182,43.0,TwnhsE,7.0,5,2005,Ex,normal
11333,,1Fam,6.0,5,1976,TA,normal
9920,92.0,1Fam,7.0,5,1996,Ex,expensive
9158,76.0,1Fam,8.0,5,2007,Ex,expensive
10832,,1Fam,7.0,5,1994,Ex,normal
8400,70.0,1Fam,6.0,6,1980,TA,normal
8197,71.0,1Fam,6.0,5,1977,Ex,normal
7677,57.0,1Fam,5.0,5,1953,Gd,cheap
13518,104.0,1Fam,9.0,5,2008,Ex,expensive
7200,60.0,1Fam,,7,1937,Ex,normal
12798,79.0,1Fam,6.0,5,1997,Gd,normal
4800,40.0,1Fam,4.0,7,1916,Ex,cheap
8199,63.0,1Fam,7.0,5,2005,Ex,normal
13891,107.0,1Fam,9.0,5,2008,Ex,expensive
9000,75.0,1Fam,5.0,5,1954,TA,cheap
12274,91.0,1Fam,7.0,5,2008,Ex,expensive
9750,75.0,1Fam,5.0,5,1967,Gd,cheap
21384,144.0,1Fam,5.0,6,1923,Ex,expensive
13400,85.0,1Fam,5.0,5,1966,TA,normal
8100,90.0,1Fam,5.0,5,1898,TA,cheap
10140,78.0,1Fam,6.0,6,1974,Fa,normal
4438,,TwnhsE,6.0,5,2004,Ex,normal
8712,66.0,1Fam,5.0,5,2301,TA,cheap
9750,75.0,1Fam,6.0,6,1958,Gd,normal
8248,45.0,,5.0,7,1918,Gd,cheap
12137,48.0,1Fam,7.0,5,1998,Ex,expensive
11425,,1Fam,5.0,6,1954,Gd,cheap
13265,,1Fam,8.0,5,2002,Ex,expensive
8816,80.0,1Fam,6.0,7,1971,Gd,normal
6371,44.0,TwnhsE,7.0,5,2009,Ex,expensive
7226,72.0,1Fam,7.0,5,2003,Ex,normal
6000,60.0,2fmCon,4.0,4,1953,TA,cheap
12394,,1Fam,7.0,5,2003,Ex,expensive
9900,60.0,1Fam,6.0,7,1940,TA,cheap
11216,81.0,1Fam,8.0,5,2006,Ex,expensive
14803,114.0,1Fam,10.0,5,2007,Ex,expensive
6130,50.0,1Fam,5.0,6,1924,Gd,cheap
8529,65.0,1Fam,7.0,5,2001,Ex,normal
28698,,1Fam,5.0,5,1967,TA,normal
2544,24.0,Twnhs,7.0,5,2005,Ex,normal
11900,80.0,1Fam,6.0,5,1957,TA,normal
3180,30.0,TwnhsE,7.0,5,2005,Ex,normal
9548,44.0,1Fam,7.0,6,2003,Ex,expensive
10004,100.0,,6.0,6,1964,TA,normal
7875,75.0,1Fam,5.0,6,1961,Gd,cheap
9600,60.0,1Fam,,7,1950,TA,cheap
8100,90.0,1Fam,5.0,6,1948,Gd,normal
1680,21.0,Twnhs,6.0,5,-304,TA,cheap
9525,75.0,1Fam,5.0,6,1995,Ex,normal
11767,70.0,1Fam,5.0,6,1946,Ex,cheap
12155,,1Fam,6.0,8,1925,TA,normal
10440,60.0,1Fam,5.0,8,1904,Gd,normal
9020,82.0,1Fam,6.0,7,1966,TA,normal
8000,80.0,Duplex,5.0,4,1961,Ex,normal
12665,100.0,1Fam,5.0,8,1915,Gd,normal
16647,,1Fam,5.0,5,1975,TA,normal
9317,75.0,1Fam,7.0,5,1993,Ex,expensive
15523,36.0,1Fam,5.0,6,1972,Ex,cheap
45600,75.0,1Fam,6.0,8,-342,TA,expensive
9600,80.0,1Fam,6.0,7,1976,Ex,normal
4435,36.0,TwnhsE,6.0,5,2003,Ex,cheap
3196,,TwnhsE,8.0,5,2003,Ex,expensive
7128,53.0,1Fam,7.0,5,1941,Gd,normal
12095,,1Fam,,6,1964,TA,normal
17920,102.0,1Fam,5.0,4,1955,TA,normal
6897,,1Fam,5.0,8,1962,Ex,cheap
10970,,1Fam,6.0,6,1978,TA,normal
8125,65.0,1Fam,6.0,5,1994,Gd,normal
10400,80.0,1Fam,7.0,5,1976,TA,normal
11029,,1Fam,6.0,7,1968,TA,expensive
7642,55.0,1Fam,7.0,8,1918,Gd,normal
11625,75.0,2fmCon,5.0,4,1965,Ex,cheap
9672,81.0,1Fam,6.0,5,1984,TA,normal
7931,70.0,1Fam,5.0,5,1959,TA,cheap
8640,72.0,1Fam,7.0,5,2007,Ex,expensive
8750,,1Fam,5.0,6,1970,TA,normal
10656,67.0,1Fam,8.0,5,2006,Ex,expensive
6970,85.0,1Fam,4.0,5,1961,TA,cheap
14762,,1Fam,,6,1948,Gd,normal
9938,80.0,1Fam,7.0,5,1993,Ex,expensive
6600,60.0,1Fam,5.0,5,1962,Gd,cheap
8750,70.0,1Fam,6.0,5,1998,Ex,normal
8892,74.0,1Fam,5.0,7,1953,Gd,cheap
12144,60.0,1Fam,5.0,7,1949,Gd,cheap
5720,52.0,1Fam,5.0,6,1941,Ex,cheap
9000,75.0,1Fam,8.0,5,2007,Ex,expensive
25286,94.0,1Fam,4.0,5,1963,Gd,cheap
8834,74.0,1Fam,9.0,5,2004,Ex,expensive
11782,88.0,1Fam,5.0,7,1961,TA,normal
7000,,1Fam,5.0,8,1978,Ex,cheap
7024,60.0,1Fam,5.0,5,2005,Gd,normal
13758,44.0,1Fam,7.0,5,1990,Ex,normal
9636,,1Fam,6.0,5,1992,Gd,normal
6204,60.0,1Fam,4.0,5,1912,TA,cheap
7150,65.0,,5.0,5,1967,TA,cheap
5119,50.0,TwnhsE,9.0,5,1999,Ex,expensive
8393,70.0,Duplex,5.0,5,1959,Ex,normal
16466,59.0,1Fam,5.0,7,1955,TA,cheap
15865,95.0,1Fam,8.0,6,1970,Ex,expensive
12160,128.0,1Fam,6.0,4,1953,Ex,normal
8064,60.0,1Fam,5.0,7,1949,Ex,cheap
11184,70.0,1Fam,6.0,5,1978,Gd,normal
8414,70.0,1Fam,6.0,8,1963,TA,normal
13284,,1Fam,5.0,5,1954,TA,normal
7018,64.0,Duplex,5.0,5,1979,TA,cheap
7056,71.0,1Fam,6.0,5,1963,TA,normal
8765,50.0,,4.0,6,1936,Ex,cheap
7018,64.0,Duplex,5.0,5,-439,TA,normal
12919,100.0,1Fam,9.0,5,2009,Ex,expensive
6993,65.0,1Fam,5.0,7,1961,TA,cheap
7340,,1Fam,4.0,6,1971,TA,cheap
8712,64.0,1Fam,5.0,7,1957,TA,normal
7875,63.0,1Fam,7.0,5,2003,Ex,normal
14859,50.0,1Fam,,5,2006,Ex,expensive
6173,,1Fam,5.0,6,1967,TA,cheap
9920,80.0,1Fam,5.0,5,1954,TA,cheap
13501,116.0,1Fam,8.0,5,2006,Ex,expensive
11500,86.0,1Fam,7.0,7,1936,Gd,expensive
8885,,1Fam,5.0,5,1983,TA,cheap
12589,149.0,1Fam,6.0,5,2005,Ex,normal
11600,80.0,Duplex,5.0,5,1960,TA,normal
9286,,1Fam,5.0,7,1977,TA,normal
6120,51.0,1Fam,5.0,7,1925,TA,cheap
6270,82.0,Duplex,5.0,6,1949,TA,normal
3000,30.0,TwnhsE,6.0,5,2009,Ex,normal
2001,21.0,Twnhs,4.0,5,1970,Fa,cheap
9000,50.0,1Fam,2.0,3,1949,TA,cheap
17140,,1Fam,4.0,6,1956,Ex,cheap
13125,103.0,1Fam,7.0,5,1991,Ex,expensive
11029,87.0,1Fam,6.0,8,1958,Ex,normal
8462,70.0,1Fam,6.0,5,1994,Ex,normal
8777,67.0,Duplex,5.0,7,1900,Gd,normal
10237,65.0,,6.0,5,2005,Ex,normal
8012,50.0,TwnhsE,6.0,5,1993,Ex,normal
10240,79.0,1Fam,6.0,6,1980,TA,normal
15611,,1Fam,5.0,6,1977,TA,normal
11999,93.0,1Fam,8.0,5,2003,Ex,expensive
9900,,1Fam,7.0,5,1968,Gd,normal
11838,,1Fam,8.0,5,2001,Ex,expensive
13006,,1Fam,7.0,5,1997,Gd,expensive
8925,73.0,1Fam,8.0,5,2007,Ex,normal
9100,70.0,1Fam,5.0,6,1965,Ex,cheap
11670,84.0,1Fam,9.0,5,2006,Ex,expensive
8487,63.0,1Fam,7.0,5,2004,Ex,normal
27650,313.0,1Fam,7.0,7,1960,Ex,expensive
5825,52.0,1Fam,,5,1926,Gd,cheap
10083,67.0,1Fam,7.0,5,2003,Ex,normal
9675,75.0,1Fam,7.0,5,2005,Ex,expensive
8760,73.0,1Fam,7.0,5,2006,Ex,expensive
24090,,1Fam,7.0,7,2297,Ex,expensive
12640,55.0,Duplex,6.0,5,1976,TA,normal
8755,,1Fam,7.0,5,1999,Ex,expensive
7711,42.0,Duplex,4.0,3,1977,TA,normal
25000,100.0,Duplex,5.0,4,1967,TA,normal
14375,,1Fam,6.0,6,1958,Gd,cheap
8820,98.0,1Fam,5.0,6,1890,TA,cheap
8163,70.0,1Fam,,6,1959,TA,normal
14536,85.0,1Fam,8.0,5,2002,Ex,expensive
14006,65.0,1Fam,7.0,5,2002,Ex,normal
9360,78.0,,6.0,7,1972,TA,normal
7200,60.0,1Fam,5.0,8,1950,Gd,cheap
7800,60.0,,5.0,5,1965,Gd,cheap
7200,60.0,1Fam,5.0,8,1972,Gd,cheap
11075,,1Fam,5.0,4,1969,Ex,normal
9400,35.0,Duplex,6.0,5,1975,TA,cheap
7136,82.0,Duplex,6.0,6,1946,TA,normal
1300,24.0,TwnhsE,6.0,6,1980,TA,cheap
7420,70.0,1Fam,5.0,5,1962,TA,cheap
8450,65.0,1Fam,7.0,5,2003,Ex,normal
2572,24.0,Twnhs,7.0,5,1999,Ex,normal
7207,50.0,1Fam,5.0,7,1958,Gd,cheap
12227,,1Fam,6.0,7,1977,TA,expensive
2308,24.0,TwnhsE,6.0,6,1976,TA,normal
11923,122.0,,9.0,5,2007,Ex,expensive
11316,80.0,1Fam,7.0,5,2002,Ex,expensive
10237,65.0,1Fam,6.0,5,2005,Ex,normal
9600,130.0,1Fam,5.0,7,1940,Ex,normal
7390,,1Fam,5.0,7,1955,TA,cheap
5925,50.0,1Fam,3.0,6,1910,Fa,cheap
10382,75.0,2fmCon,6.0,5,1958,TA,normal
10800,60.0,1Fam,4.0,4,1949,TA,cheap
2268,36.0,Twnhs,7.0,5,2003,Ex,normal
7892,55.0,TwnhsE,6.0,5,1979,TA,cheap
11639,95.0,1Fam,7.0,5,2007,Ex,normal
11414,60.0,1Fam,,8,1910,TA,normal
2651,,Twnhs,7.0,5,2000,Ex,normal
5900,51.0,1Fam,4.0,7,1923,TA,cheap
4274,35.0,TwnhsE,7.0,5,2006,Ex,normal
9450,68.0,1Fam,4.0,5,1954,Ex,cheap
8816,80.0,1Fam,5.0,6,1963,TA,cheap
12122,,1Fam,7.0,9,1961,Gd,normal
12203,98.0,1Fam,8.0,5,1998,Ex,expensive
3182,43.0,1Fam,7.0,5,2007,Ex,normal
11250,,1Fam,8.0,5,2002,Ex,expensive
10125,75.0,Duplex,5.0,5,1977,TA,cheap
10880,68.0,2fmCon,5.0,5,1950,TA,cheap
5310,59.0,1Fam,6.0,8,1910,Gd,cheap
10159,83.0,1Fam,9.0,5,2009,Ex,expensive
12046,,1Fam,6.0,6,1976,TA,normal
8125,65.0,1Fam,,5,2006,Ex,normal
9452,82.0,1Fam,8.0,5,1997,Ex,expensive
17671,121.0,1Fam,8.0,9,1882,Gd,normal
9760,80.0,1Fam,6.0,8,1964,Gd,normal
8846,68.0,1Fam,6.0,5,2005,Ex,normal
12456,96.0,1Fam,10.0,5,2006,Ex,expensive
4712,51.0,1Fam,4.0,7,1946,TA,cheap
10659,,1Fam,5.0,6,1961,TA,cheap
11717,,1Fam,6.0,6,1970,TA,normal
9786,60.0,1Fam,3.0,4,1922,Fa,cheap
6762,64.0,1Fam,7.0,5,2006,Ex,normal
10206,74.0,1Fam,3.0,3,1952,Fa,cheap
5400,60.0,,5.0,6,1920,Ex,cheap
11957,75.0,1Fam,8.0,5,2006,Ex,expensive
11500,,,5.0,6,1976,Fa,cheap
3182,43.0,,7.0,5,2005,Ex,normal
8385,65.0,1Fam,5.0,8,1977,TA,normal
12155,,1Fam,6.0,3,1970,Gd,normal
2217,21.0,TwnhsE,4.0,4,1970,TA,cheap
12118,43.0,1Fam,7.0,5,2004,Ex,expensive
6000,60.0,1Fam,,5,1926,Ex,cheap
21286,115.0,1Fam,5.0,5,1948,TA,cheap
9825,75.0,Duplex,5.0,5,1965,TA,cheap
10592,55.0,1Fam,6.0,7,1923,TA,normal
7200,60.0,1Fam,5.0,4,1910,TA,cheap
11664,60.0,1Fam,6.0,5,1948,TA,cheap
8400,70.0,1Fam,8.0,6,2001,Ex,expensive
11883,73.0,,7.0,5,1996,Ex,normal
5814,,TwnhsE,8.0,5,1984,Gd,normal
10784,,1Fam,7.0,5,1991,Gd,normal
3013,43.0,TwnhsE,7.0,5,2005,Ex,expensive
7024,60.0,1Fam,4.0,5,2005,Ex,normal
7406,64.0,1Fam,7.0,5,2006,Ex,normal
9439,52.0,1Fam,5.0,5,1930,Gd,cheap
3182,43.0,TwnhsE,7.0,5,2005,Ex,normal
15498,,1Fam,8.0,6,1976,TA,expensive
7700,70.0,1Fam,5.0,5,1972,TA,cheap
9300,73.0,,5.0,5,1960,TA,normal
9520,71.0,1Fam,8.0,5,2007,Ex,expensive
9492,79.0,1Fam,5.0,5,1941,TA,cheap
1680,21.0,Twnhs,6.0,7,1972,Gd,cheap
7082,,2fmCon,5.0,8,1916,Gd,normal
15863,102.0,1Fam,7.0,3,1920,Ex,normal
14541,,,8.0,7,1993,Ex,expensive
8125,,1Fam,7.0,5,2002,Ex,expensive
6305,50.0,1Fam,5.0,7,1938,Ex,cheap
11500,,1Fam,4.0,3,1957,Ex,cheap
12898,89.0,1Fam,9.0,5,2007,Ex,expensive
9240,,1Fam,8.0,5,2001,Ex,expensive
1533,21.0,Twnhs,4.0,6,1970,TA,cheap
1477,21.0,TwnhsE,4.0,4,1970,TA,cheap
13125,88.0,1Fam,5.0,4,1957,Ex,normal
9130,,1Fam,,8,1966,Gd,normal
5381,34.0,Twnhs,6.0,5,2005,Ex,normal
11839,86.0,1Fam,7.0,5,1990,Ex,expensive
9600,80.0,1Fam,8.0,5,1981,TA,expensive
13680,,1Fam,3.0,5,1955,Ex,cheap
16056,85.0,1Fam,9.0,5,2005,Ex,expensive
9245,57.0,1Fam,5.0,5,1994,Ex,normal
21750,100.0,1Fam,5.0,4,1960,TA,cheap
11100,60.0,1Fam,4.0,7,1946,Ex,cheap
8993,73.0,1Fam,7.0,5,2007,Ex,normal
11175,103.0,1Fam,7.0,5,2007,Ex,normal
9500,100.0,1Fam,6.0,6,1964,TA,normal
8562,68.0,1Fam,5.0,6,1957,Ex,normal
11367,90.0,,8.0,5,2002,Ex,expensive
11361,104.0,1Fam,6.0,5,1976,TA,normal
7052,43.0,,7.0,5,2005,Ex,normal
29959,,1Fam,7.0,6,1994,Ex,expensive
11308,96.0,1Fam,9.0,5,2008,Ex,expensive
11275,,1Fam,,7,1932,TA,expensive
4920,41.0,TwnhsE,8.0,5,2001,Ex,expensive
18000,120.0,1Fam,3.0,4,1935,TA,cheap
13600,85.0,2fmCon,,5,1900,TA,cheap
6000,50.0,1Fam,6.0,6,1925,Gd,cheap
11000,,1Fam,5.0,6,-331,Ex,normal
14000,80.0,1Fam,7.0,5,1996,Ex,expensive
7837,59.0,1Fam,6.0,7,1993,Gd,normal
9760,80.0,1Fam,,6,1964,TA,normal
3964,42.0,TwnhsE,6.0,4,1973,Gd,normal
9600,60.0,1Fam,5.0,7,1949,TA,cheap
10152,72.0,1Fam,5.0,5,1956,TA,cheap
11700,78.0,1Fam,6.0,6,1968,Ex,normal
7585,50.0,1Fam,5.0,3,1948,Fa,cheap
7950,75.0,1Fam,6.0,6,1977,TA,normal
8556,74.0,1Fam,7.0,5,2006,Ex,normal
13125,75.0,1Fam,7.0,6,1940,TA,expensive
10800,60.0,1Fam,5.0,8,1936,Gd,normal
15870,,1Fam,5.0,5,1969,Ex,cheap
4435,37.0,TwnhsE,6.0,5,2004,Ex,normal
8775,65.0,1Fam,5.0,5,1994,Gd,cheap
11040,80.0,1Fam,6.0,7,1971,Ex,normal
7500,75.0,,5.0,5,1963,Fa,cheap
8749,70.0,1Fam,7.0,5,2002,Ex,normal
8800,80.0,1Fam,6.0,6,1964,TA,normal
13031,,1Fam,6.0,5,1995,Gd,normal
9069,73.0,1Fam,6.0,6,1992,Ex,normal
1974,,TwnhsE,4.0,5,-291,TA,cheap
10574,85.0,1Fam,8.0,5,2005,Ex,expensive
2522,24.0,Twnhs,7.0,5,2004,Ex,cheap
3316,37.0,TwnhsE,8.0,5,2005,Ex,normal
8544,60.0,Duplex,3.0,4,1950,Fa,cheap
2160,24.0,Twnhs,7.0,5,1999,Ex,normal
8400,60.0,1Fam,6.0,5,1925,Fa,cheap
9230,71.0,1Fam,5.0,8,1965,Gd,normal
5868,74.0,1Fam,5.0,7,1956,Ex,cheap
9317,78.0,1Fam,6.0,5,2006,Gd,normal
6882,60.0,1Fam,6.0,7,1914,TA,cheap
3696,,TwnhsE,8.0,5,1986,Ex,normal
6000,50.0,1Fam,4.0,6,1936,TA,cheap
11880,82.0,1Fam,7.0,5,1978,TA,normal
8400,60.0,1Fam,2.0,5,1920,TA,cheap
9758,61.0,,5.0,5,1971,TA,cheap
7000,70.0,1Fam,5.0,7,1960,Ex,cheap
8910,79.0,1Fam,6.0,6,1959,Ex,normal
2016,24.0,TwnhsE,5.0,5,1970,TA,cheap
12256,98.0,1Fam,,5,1994,Ex,expensive
10357,114.0,1Fam,7.0,5,1990,Gd,normal
23257,168.0,1Fam,7.0,5,2006,Ex,expensive
8063,,1Fam,6.0,5,2000,Ex,normal
11362,107.0,1Fam,8.0,5,2004,Ex,expensive
8000,,1Fam,6.0,5,1995,Gd,normal
10480,80.0,1Fam,7.0,6,1976,TA,normal
7100,73.0,1Fam,5.0,7,1957,TA,cheap
8923,66.0,1Fam,5.0,7,2229,Gd,cheap
5400,90.0,1Fam,5.0,7,1954,Ex,cheap
12085,93.0,1Fam,8.0,5,2007,Ex,expensive
7750,,1Fam,8.0,5,2002,Ex,normal
9764,57.0,1Fam,5.0,7,1967,Ex,cheap
13825,85.0,1Fam,5.0,6,1958,TA,normal
7560,70.0,1Fam,5.0,5,1959,TA,cheap
8263,59.0,1Fam,6.0,5,1920,TA,cheap
10084,84.0,1Fam,7.0,5,2005,Ex,expensive
8926,,1Fam,4.0,3,1956,Ex,cheap
9405,50.0,1Fam,5.0,9,1947,Ex,cheap
9125,,1Fam,7.0,5,1992,Gd,normal
10434,60.0,1Fam,4.0,5,1955,TA,cheap
3684,53.0,TwnhsE,7.0,5,2007,Ex,normal
14572,182.0,1Fam,7.0,5,2004,Ex,expensive
11796,59.0,1Fam,7.0,5,2004,Ex,expensive
7200,60.0,Duplex,5.0,5,1980,TA,normal
7804,65.0,1Fam,4.0,3,1928,TA,cheap
10712,63.0,1Fam,5.0,5,1991,TA,cheap
9900,90.0,1Fam,6.0,4,1880,TA,cheap
9828,80.0,1Fam,8.0,5,1995,Ex,expensive
8773,57.0,1Fam,6.0,5,1997,Gd,normal
6180,60.0,1Fam,6.0,5,1926,TA,cheap
9600,80.0,1Fam,6.0,5,1950,TA,cheap
6342,54.0,1Fam,5.0,8,1875,Gd,cheap
9819,,1Fam,6.0,5,1977,TA,normal
8731,98.0,1Fam,5.0,5,1920,TA,normal
7350,60.0,1Fam,,7,1951,TA,cheap
10304,,1Fam,5.0,7,-228,Ex,normal
9965,77.0,1Fam,8.0,5,2006,Ex,expensive
9000,,1Fam,5.0,3,1959,TA,cheap
12180,60.0,2fmCon,4.0,4,1941,Fa,cheap
6240,52.0,,5.0,6,1928,Ex,normal
11200,,1Fam,6.0,5,1985,TA,normal
12000,75.0,1Fam,7.0,7,1941,Ex,normal
5700,,1Fam,7.0,7,1926,TA,cheap
9000,50.0,1Fam,7.0,9,1920,Ex,normal
8280,57.0,1Fam,6.0,5,1950,Ex,cheap
17755,134.0,1Fam,5.0,4,1959,TA,normal
14115,90.0,1Fam,6.0,7,1956,Ex,expensive
5890,,1Fam,6.0,8,1930,Ex,cheap
13700,,1Fam,7.0,6,1965,TA,normal
10768,90.0,1Fam,5.0,8,1976,TA,expensive
9350,85.0,1Fam,5.0,8,1965,Gd,normal
5001,34.0,Twnhs,7.0,5,2007,Ex,expensive
11932,92.0,1Fam,8.0,5,2007,Ex,expensive
9120,76.0,1Fam,6.0,6,1974,TA,normal
2280,24.0,Twnhs,6.0,5,1978,Fa,normal
14778,,1Fam,6.0,7,1954,Ex,expensive
8724,109.0,1Fam,5.0,5,1968,Gd,cheap
12900,60.0,Duplex,4.0,4,1969,TA,cheap
16157,,1Fam,5.0,7,1978,Ex,normal
9541,79.0,1Fam,7.0,5,2009,Ex,expensive
10475,64.0,1Fam,8.0,5,2008,Ex,expensive
10852,58.0,,6.0,5,2000,Ex,normal
13728,120.0,1Fam,6.0,7,1935,Ex,expensive
35760,118.0,1Fam,10.0,5,1995,Ex,expensive
9880,76.0,1Fam,6.0,6,1977,TA,normal
9120,76.0,,6.0,6,1958,Ex,normal
4017,35.0,TwnhsE,7.0,5,2006,Ex,normal
18030,138.0,1Fam,5.0,6,1946,TA,normal
16560,80.0,1Fam,6.0,8,1932,TA,expensive
10678,85.0,1Fam,8.0,5,1992,Ex,expensive
6951,37.0,,5.0,5,1984,TA,cheap
3950,,1Fam,6.0,8,1926,TA,cheap
7681,54.0,1Fam,5.0,6,1921,Ex,normal
8335,77.0,,5.0,5,1954,Gd,cheap
11170,,,7.0,5,1990,Ex,expensive
5587,64.0,TwnhsE,8.0,5,2008,Ex,expensive
15623,160.0,1Fam,10.0,5,1996,Ex,expensive
10800,60.0,1Fam,5.0,6,1920,Ex,cheap
35133,50.0,1Fam,5.0,4,1963,Gd,normal
9738,60.0,1Fam,5.0,7,1924,Gd,cheap
10615,107.0,2fmCon,3.0,5,1900,TA,cheap
12461,89.0,1Fam,8.0,5,1994,Ex,expensive
8935,68.0,1Fam,7.0,5,2002,Ex,normal
7500,60.0,1Fam,7.0,5,1999,Gd,normal
32463,,2fmCon,,4,1961,Ex,normal
2645,24.0,Twnhs,,5,1999,Ex,normal
9600,60.0,1Fam,,8,1925,Gd,cheap
4500,,TwnhsE,6.0,5,1999,Ex,normal
9364,80.0,1Fam,6.0,7,1969,TA,normal
8029,51.0,1Fam,6.0,5,2005,Ex,normal
14054,58.0,1Fam,7.0,5,-377,Ex,expensive
8850,65.0,1Fam,7.0,6,1916,Ex,normal
9100,70.0,1Fam,7.0,5,2001,Ex,normal
11235,75.0,1Fam,4.0,5,1963,Gd,normal
9353,71.0,1Fam,4.0,5,1970,Gd,cheap
10400,80.0,,7.0,5,1998,Ex,normal
6000,50.0,1Fam,5.0,8,1925,Ex,cheap
9750,75.0,1Fam,7.0,5,2000,Ex,expensive
10140,78.0,1Fam,,6,1975,Ex,normal
14684,90.0,1Fam,7.0,7,1990,Gd,expensive
8900,,1Fam,4.0,4,1966,TA,cheap
9135,70.0,1Fam,6.0,5,2003,Ex,normal
7763,70.0,1Fam,5.0,7,1962,TA,normal
10182,85.0,1Fam,8.0,5,2006,Ex,expensive
11218,70.0,1Fam,6.0,5,1992,Ex,normal
12134,152.0,1Fam,8.0,7,1988,Gd,normal
9340,50.0,1Fam,4.0,6,1941,TA,cheap
10246,,1Fam,4.0,9,1965,Ex,normal
10205,69.0,1Fam,5.0,5,1962,TA,cheap
7094,99.0,1Fam,5.0,5,1966,TA,cheap
8930,68.0,Duplex,6.0,5,1978,TA,cheap
8640,72.0,1Fam,8.0,5,2009,Ex,expensive
6240,52.0,1Fam,,5,1947,Gd,cheap
1680,21.0,Twnhs,6.0,5,1971,TA,cheap
7800,66.0,1Fam,5.0,5,1964,TA,cheap
8250,55.0,1Fam,5.0,5,1968,Ex,cheap
10496,78.0,1Fam,6.0,6,1949,Ex,normal
10680,89.0,1Fam,5.0,3,1951,TA,cheap
15384,60.0,1Fam,7.0,5,2004,Ex,normal
10482,65.0,1Fam,6.0,8,1958,Ex,normal
14598,86.0,1Fam,,5,2007,Ex,expensive
8872,72.0,1Fam,5.0,8,1965,Ex,normal
8769,65.0,TwnhsE,9.0,5,2346,Ex,expensive
7910,70.0,1Fam,5.0,5,1960,Gd,cheap
18890,,,5.0,5,1977,Ex,normal
7728,70.0,Duplex,5.0,6,1962,TA,cheap
9842,70.0,Duplex,4.0,5,1962,TA,cheap
12160,,1Fam,5.0,5,1959,Fa,normal
8525,55.0,1Fam,5.0,6,1911,TA,cheap
13132,96.0,1Fam,5.0,5,1914,Gd,cheap
2628,36.0,Twnhs,7.0,5,2003,Ex,normal
12393,41.0,1Fam,7.0,5,2004,Ex,normal
13072,63.0,1Fam,6.0,5,2005,Ex,normal
9037,64.0,1Fam,8.0,5,2006,Ex,expensive
8158,65.0,1Fam,7.0,5,2003,Ex,expensive
9849,83.0,1Fam,7.0,6,2007,Ex,expensive
10625,85.0,1Fam,7.0,6,1974,TA,normal
13891,107.0,1Fam,10.0,5,2006,Ex,expensive
11435,,1Fam,8.0,7,1929,Fa,expensive
12090,78.0,,,7,1984,Ex,normal
8125,65.0,1Fam,7.0,5,2005,Ex,normal
12328,,1Fam,6.0,5,1976,TA,normal
9600,60.0,1Fam,6.0,5,1917,Fa,cheap
7200,60.0,1Fam,5.0,7,1950,TA,cheap
11160,93.0,1Fam,7.0,5,1968,Ex,expensive
3136,,TwnhsE,,5,2003,Ex,normal
9858,62.0,1Fam,5.0,6,1968,TA,cheap
17542,,1Fam,7.0,7,1974,TA,expensive
6931,60.0,1Fam,7.0,5,2003,Ex,normal
6240,52.0,1Fam,6.0,6,1931,TA,cheap
14303,91.0,1Fam,8.0,5,1994,Ex,expensive
4060,56.0,1Fam,5.0,8,1922,Ex,cheap
9587,59.0,,7.0,5,2005,Ex,normal
9750,65.0,1Fam,6.0,8,1969,Gd,normal
24682,,1Fam,6.0,5,1999,Ex,normal
9600,80.0,1Fam,5.0,6,1956,Gd,cheap
11250,,1Fam,4.0,5,1957,Ex,normal
13515,60.0,1Fam,6.0,6,1919,Ex,normal
4060,34.0,TwnhsE,6.0,5,1998,Ex,normal
3735,35.0,TwnhsE,7.0,5,1999,Ex,normal
10120,60.0,2fmCon,7.0,4,1910,TA,cheap
13214,89.0,1Fam,9.0,5,2008,Ex,expensive
14100,,1Fam,8.0,9,1935,Ex,expensive
11344,78.0,1Fam,5.0,5,1958,TA,normal
23595,,1Fam,7.0,6,1979,TA,expensive
9156,,1Fam,6.0,7,1968,Gd,normal
13526,,1Fam,5.0,6,1965,TA,cheap
11512,124.0,1Fam,6.0,7,1959,Gd,normal
5362,53.0,1Fam,5.0,6,1910,Ex,cheap
11345,95.0,Duplex,5.0,5,1948,Gd,cheap
12936,,1Fam,,6,1972,TA,normal
17871,,1Fam,6.0,5,1967,Fa,normal
9473,75.0,1Fam,8.0,5,2002,Ex,expensive
7500,60.0,1Fam,4.0,4,1920,TA,cheap
9808,67.0,1Fam,7.0,5,2002,Ex,expensive
8049,50.0,1Fam,7.0,5,1990,TA,normal
8800,61.0,1Fam,5.0,7,1977,TA,normal
9400,94.0,Duplex,6.0,5,1971,TA,cheap
9638,50.0,,6.0,7,-251,Ex,normal
6000,50.0,1Fam,6.0,6,1939,Ex,cheap
9790,,1Fam,6.0,5,1963,TA,normal
36500,,1Fam,5.0,5,1964,Fa,normal
5664,40.0,TwnhsE,8.0,5,2000,Ex,expensive
11065,86.0,1Fam,8.0,5,2006,Ex,expensive
14112,,1Fam,5.0,7,1964,TA,normal
1680,21.0,Twnhs,5.0,7,1972,TA,cheap
6600,60.0,1Fam,5.0,4,1892,TA,cheap
10140,78.0,1Fam,7.0,5,1976,TA,normal
8172,60.0,1Fam,5.0,7,1955,TA,cheap
8400,70.0,1Fam,5.0,5,-418,Gd,cheap
8700,80.0,1Fam,,6,1963,Gd,normal
3675,35.0,TwnhsE,6.0,5,-347,Gd,normal
63887,313.0,1Fam,10.0,5,2008,Ex,normal
7500,75.0,1Fam,5.0,7,1959,Ex,normal
10762,,1Fam,7.0,5,1999,Ex,expensive
7500,,,6.0,7,1942,Fa,normal
10120,92.0,1Fam,8.0,5,1994,Ex,expensive
8688,73.0,1Fam,7.0,5,2005,Ex,expensive
3363,32.0,TwnhsE,7.0,5,2004,Ex,cheap
13173,108.0,1Fam,9.0,5,2006,Ex,expensive
6955,48.0,TwnhsE,7.0,5,2005,Ex,normal
8072,60.0,1Fam,5.0,5,1994,Ex,cheap
12000,100.0,1Fam,5.0,7,1948,Ex,normal
7153,,,6.0,5,1991,Gd,normal
17500,100.0,1Fam,7.0,8,1959,TA,expensive
8814,68.0,,7.0,5,2005,Ex,normal
9572,,1Fam,8.0,5,1990,Ex,expensive
14774,108.0,1Fam,,5,-377,Ex,expensive
8190,60.0,1Fam,4.0,6,1954,Ex,cheap
11075,85.0,1Fam,6.0,5,1969,TA,normal
10226,61.0,1Fam,,5,2008,Ex,expensive
4230,47.0,TwnhsE,7.0,5,2006,Ex,normal
14781,,1Fam,8.0,5,2001,Ex,expensive
10215,75.0,1Fam,4.0,5,1954,Ex,cheap
8400,70.0,,6.0,3,1957,Gd,normal
6627,,1Fam,3.0,6,1949,TA,cheap
10186,107.0,1Fam,7.0,5,1992,Ex,normal
5330,50.0,1Fam,,7,1940,Gd,cheap
9986,75.0,1Fam,8.0,5,2006,Ex,normal
3636,40.0,1Fam,4.0,4,1922,Fa,cheap
4270,70.0,1Fam,3.0,6,1931,Ex,cheap
6600,60.0,1Fam,5.0,9,1982,Ex,cheap
10440,60.0,1Fam,6.0,7,1920,Ex,expensive
9084,63.0,1Fam,7.0,5,1998,Gd,normal
10000,85.0,1Fam,8.0,5,2006,Ex,expensive
10780,55.0,1Fam,5.0,5,1976,Gd,cheap
8877,67.0,1Fam,4.0,6,1938,Ex,cheap
7200,60.0,1Fam,5.0,6,1938,Ex,cheap
2368,24.0,TwnhsE,5.0,6,1970,TA,cheap
9650,80.0,1Fam,6.0,5,1977,TA,normal
9246,87.0,Duplex,5.0,5,1973,TA,cheap
4118,153.0,1Fam,4.0,4,1941,Fa,cheap
13450,95.0,1Fam,7.0,5,2002,Ex,normal
9560,120.0,1Fam,5.0,7,1972,Ex,cheap
8294,70.0,1Fam,4.0,5,1971,TA,cheap
13695,66.0,1Fam,6.0,5,2003,Ex,normal
9375,,1Fam,8.0,5,2002,Ex,expensive
7558,57.0,1Fam,6.0,6,1928,Gd,normal
11103,85.0,1Fam,7.0,5,2006,Ex,normal
6000,50.0,1Fam,4.0,4,1920,Gd,cheap
20781,,,7.0,7,1968,TA,expensive
15306,93.0,1Fam,,5,2006,Ex,expensive
16196,,1Fam,7.0,5,1998,Ex,expensive
5250,50.0,1Fam,8.0,5,1872,Fa,cheap
11643,91.0,Duplex,5.0,5,1969,TA,normal
9247,70.0,1Fam,6.0,6,1962,Ex,normal
6000,50.0,1Fam,6.0,9,1937,TA,cheap
14720,56.0,1Fam,8.0,5,1995,Ex,expensive
10316,,,7.0,5,2000,Ex,expensive
10192,102.0,1Fam,7.0,6,-313,Gd,normal
9477,,1Fam,5.0,5,1966,TA,cheap
12537,,,5.0,6,1971,Ex,normal
2117,,Twnhs,6.0,5,2000,Ex,normal
16737,129.0,1Fam,9.0,5,2004,Ex,expensive
9842,51.0,1Fam,,6,1921,Ex,normal
16158,124.0,1Fam,,5,2005,Ex,expensive
12513,,1Fam,4.0,4,1920,Gd,cheap
8499,73.0,1Fam,6.0,5,2006,Ex,normal
3180,30.0,TwnhsE,7.0,5,2005,Ex,normal
7500,,1Fam,7.0,5,2000,Ex,expensive
9179,68.0,1Fam,7.0,5,1999,Ex,normal
2665,41.0,TwnhsE,5.0,6,1977,Ex,cheap
4435,,TwnhsE,6.0,5,2003,Ex,normal
10635,48.0,1Fam,8.0,5,2003,Ex,expensive
5400,90.0,1Fam,4.0,6,1920,Ex,cheap
9600,80.0,1Fam,6.0,6,1955,Gd,normal
9750,75.0,1Fam,7.0,6,1998,Ex,expensive
11400,,1Fam,10.0,5,2001,Ex,expensive
10625,85.0,1Fam,,5,2005,Ex,expensive
10991,89.0,1Fam,8.0,5,2007,Ex,expensive
6292,52.0,1Fam,6.0,5,1930,TA,cheap
10998,60.0,1Fam,5.0,5,1941,Ex,cheap
1953,21.0,Twnhs,6.0,5,1973,TA,cheap
9735,73.0,1Fam,5.0,5,2006,Gd,normal
8212,45.0,1Fam,3.0,3,1914,TA,cheap
12925,,1Fam,6.0,7,1970,Ex,expensive
7200,60.0,1Fam,7.0,7,1920,Ex,normal
25339,,1Fam,5.0,7,1918,Ex,cheap
9060,60.0,1Fam,6.0,5,1939,TA,cheap
5436,40.0,1Fam,4.0,8,1922,Gd,cheap
16692,80.0,1Fam,7.0,5,1978,TA,expensive
8520,60.0,1Fam,6.0,7,1916,TA,cheap
14892,42.0,1Fam,,5,2006,Ex,expensive
6000,60.0,1Fam,6.0,6,1941,Ex,cheap
9100,70.0,1Fam,7.0,5,2000,Ex,expensive
8944,65.0,Duplex,,5,1967,TA,cheap
7838,68.0,1Fam,5.0,5,1967,TA,cheap
10800,60.0,2fmCon,6.0,7,-369,Ex,normal
4045,53.0,TwnhsE,,5,2006,Ex,expensive
12665,88.0,1Fam,8.0,5,2005,Ex,expensive
57200,,1Fam,5.0,5,1948,TA,normal
6120,51.0,1Fam,5.0,8,1920,Ex,cheap
7200,60.0,1Fam,5.0,4,1950,Gd,cheap
6171,51.0,1Fam,6.0,6,1925,Ex,cheap
6000,50.0,1Fam,6.0,7,1929,TA,cheap
7415,62.0,,6.0,5,2004,Ex,normal
6762,64.0,1Fam,7.0,5,2006,Ex,normal
15256,49.0,1Fam,8.0,5,2007,Ex,expensive
10410,60.0,,3.0,4,1915,TA,cheap
3842,44.0,TwnhsE,8.0,5,2004,Ex,expensive
8445,70.0,1Fam,,7,1972,TA,cheap
8780,,1Fam,5.0,5,1985,Ex,cheap
7740,60.0,1Fam,4.0,7,1910,Gd,cheap
20544,46.0,1Fam,7.0,6,1986,Gd,expensive
12420,79.0,1Fam,7.0,5,2001,Ex,expensive
9600,80.0,1Fam,6.0,8,1950,Ex,normal
7200,60.0,Duplex,4.0,5,1949,Fa,cheap
10994,88.0,1Fam,8.0,5,2005,Ex,expensive
13053,64.0,1Fam,6.0,7,1923,Gd,normal
3635,51.0,TwnhsE,7.0,5,-343,Ex,normal
11340,60.0,2fmCon,4.0,6,1885,Gd,cheap
16545,,1Fam,8.0,5,1998,Ex,expensive
9204,71.0,1Fam,5.0,5,1963,TA,cheap
16381,,1Fam,6.0,5,1969,Gd,expensive
11700,90.0,1Fam,6.0,6,1968,Gd,normal
4043,53.0,TwnhsE,6.0,5,1977,TA,cheap
4435,37.0,TwnhsE,6.0,5,2003,Ex,cheap
19690,,1Fam,6.0,7,1966,TA,expensive
9503,,1Fam,5.0,5,1958,TA,normal
10721,80.0,1Fam,6.0,6,1959,Ex,normal
10944,81.0,1Fam,7.0,5,1994,Ex,expensive
10930,60.0,1Fam,5.0,6,1945,TA,normal
7200,60.0,1Fam,5.0,7,1940,TA,cheap
12546,,1Fam,6.0,7,1981,Ex,normal
21930,60.0,1Fam,5.0,5,2005,Ex,normal
4928,,TwnhsE,6.0,6,1976,TA,normal
10800,60.0,1Fam,4.0,6,1927,TA,cheap
10261,93.0,1Fam,6.0,5,2000,Ex,normal
17400,80.0,1Fam,5.0,5,1977,Fa,normal
8400,80.0,1Fam,6.0,9,1962,TA,normal
9000,60.0,1Fam,4.0,6,1971,TA,cheap
12444,96.0,1Fam,8.0,5,2008,Ex,expensive
7407,90.0,1Fam,6.0,7,1957,TA,normal
11584,80.0,1Fam,,6,1979,TA,normal
11526,79.0,,,7,1922,Fa,normal
4426,,TwnhsE,6.0,5,2004,Ex,normal
11003,85.0,1Fam,10.0,5,2008,Ex,expensive
8854,,,6.0,6,1916,Fa,cheap
8500,63.0,1Fam,7.0,5,2004,Ex,normal
8400,70.0,1Fam,,5,1966,Gd,cheap
26142,,1Fam,5.0,7,1962,TA,normal
10000,80.0,,8.0,5,1995,Ex,expensive
11767,70.0,1Fam,4.0,7,1910,Gd,cheap
1533,21.0,Twnhs,5.0,7,1970,Ex,cheap
9000,60.0,Duplex,5.0,5,1974,TA,cheap
9262,78.0,1Fam,,5,2008,Ex,expensive
3675,35.0,TwnhsE,5.0,5,2005,Gd,normal
17217,90.0,1Fam,5.0,5,2006,Ex,cheap
7500,62.0,1Fam,7.0,5,2004,Ex,normal
7917,62.0,1Fam,6.0,5,1999,Ex,normal
13175,85.0,1Fam,6.0,6,1978,TA,normal
9042,66.0,,7.0,9,1941,Ex,expensive
9717,68.0,1Fam,5.0,6,1950,Gd,normal
9937,75.0,1Fam,5.0,6,1965,Gd,normal
